date,000985.CSI,SPX.GI
20091231,3795.33,1115.1
20100104,3772.497,1132.99
20100105,3806.741,1136.52
20100106,3788.803,1137.14
20100107,3713.539,1141.69
20100108,3735.382,1144.98
20100111,3745.841,1146.98
20100112,3809.633,1136.22
20100113,3716.072,1145.68
20100114,3784.207,1148.46
20100115,3804.152,1136.03
20100118,3839.077,1136.03
20100119,3843.874,1150.23
20100120,3715.206,1138.04
20100121,3730.97,1116.48
20100122,3665.17,1091.76
20100125,3617.689,1096.78
20100126,3510.546,1092.17
20100127,3471.122,1097.5
20100128,3494.778,1084.53
20100129,3504.567,1073.87
20100201,3454.906,1089.19
20100202,3443.356,1103.32
20100203,3521.391,1097.28
20100204,3526.18,1063.11
20100205,3453.973,1066.19
20100208,3452.078,1056.74
20100209,3465.49,1070.52
20100210,3512.458,1068.13
20100211,3513.177,1078.47
20100212,3551.14,1075.51
20100222,3541.111,1108.01
20100223,3529.613,1094.6
20100224,3589.373,1105.24
20100225,3644.415,1102.94
20100226,3638.796,1104.49
20100301,3685.066,1115.71
20100302,3676.661,1118.31
20100303,3711.335,1118.79
20100304,3603.657,1122.97
20100305,3614.571,1138.7
20100308,3647.573,1138.5
20100309,3662.139,1140.45
20100310,3627.759,1145.61
20100311,3617.067,1150.24
20100312,3566.385,1149.99
20100315,3520.148,1150.51
20100316,3547.042,1159.46
20100317,3630.646,1166.21
20100318,3630.381,1165.83
20100319,3658.564,1159.9
20100322,3673.782,1165.81
20100323,3646.575,1174.17
20100324,3653.164,1167.72
20100325,3601.7,1165.73
20100326,3652.179,1166.59
20100329,3720.893,1173.22
20100330,3733.555,1173.27
20100331,3722.858,1169.43
20100401,3776.169,1178.1
20100402,3791.722,1178.1
20100406,3793.427,1189.44
20100407,3783.848,1182.45
20100408,3755.686,1186.44
20100409,3799.513,1194.37
20100412,3792.268,1196.48
20100413,3801.304,1197.3
20100414,3827.271,1210.65
20100415,3804.061,1211.67
20100416,3773.157,1192.13
20100419,3586.866,1197.52
20100420,3602.041,1207.17
20100421,3687.748,1205.94
20100422,3666.337,1208.67
20100423,3646.314,1217.28
20100426,3633.639,1212.05
20100427,3552.642,1183.71
20100428,3536.494,1191.36
20100429,3468.145,1206.78
20100430,3435.975,1186.69
20100504,3400.087,1173.6
20100505,3449.605,1165.9
20100506,3311.329,1128.15
20100507,3248.09,1110.88
20100510,3240.746,1159.73
20100511,3165.43,1155.79
20100512,3149.003,1171.67
20100513,3228.7,1157.44
20100514,3222.386,1135.68
20100517,3038.314,1136.94
20100518,3091.452,1120.8
20100519,3085.787,1115.05
20100520,3038.313,1071.59
20100521,3090.108,1087.69
20100524,3215.119,1073.65
20100525,3165.845,1074.03
20100526,3169.711,1067.95
20100527,3223.431,1103.06
20100528,3221.74,1089.41
20100531,3130.954,1089.41
20100601,3087.956,1070.71
20100602,3114.218,1098.38
20100603,3091.48,1102.83
20100604,3106.367,1064.88
20100607,3067.169,1050.47
20100608,3081.74,1062
20100609,3169.266,1055.69
20100610,3148.913,1086.84
20100611,3148.398,1091.6
20100617,3123.838,1116.04
20100618,3042.931,1117.51
20100621,3133.849,1113.2
20100622,3145.721,1095.31
20100623,3122.841,1092.04
20100624,3122.774,1073.69
20100625,3088.873,1076.76
20100628,3055.475,1074.57
20100629,2903.186,1041.24
20100630,2862.784,1030.71
20100701,2821.479,1027.37
20100702,2819.716,1022.58
20100705,2798.436,1022.58
20100706,2863.208,1028.06
20100707,2890.858,1060.27
20100708,2882.316,1070.25
20100709,2963.601,1077.96
20100712,2996.35,1078.75
20100713,2951.067,1095.34
20100714,2974.539,1095.17
20100715,2916.699,1096.48
20100716,2928.325,1064.88
20100719,2999.13,1071.25
20100720,3072.461,1083.48
20100721,3078.941,1069.59
20100722,3119.909,1093.67
20100723,3128.351,1102.66
20100726,3157.164,1115.01
20100727,3146.779,1113.84
20100728,3220.088,1106.13
20100729,3238.269,1101.53
20100730,3231.484,1101.6
20100802,3289.324,1125.86
20100803,3233.472,1120.46
20100804,3255.485,1127.24
20100805,3244.377,1125.81
20100806,3301.802,1121.64
20100809,3333.61,1127.79
20100810,3226.128,1121.06
20100811,3253.145,1089.47
20100812,3214.205,1083.61
20100813,3265.493,1079.25
20100816,3340.924,1079.38
20100817,3366.391,1092.54
20100818,3362.677,1094.16
20100819,3376.847,1075.63
20100820,3308.992,1071.69
20100823,3318.44,1067.36
20100824,3345.492,1051.87
20100825,3271.813,1055.33
20100826,3285.196,1047.22
20100827,3299.987,1064.59
20100830,3374.498,1048.92
20100831,3378.093,1049.33
20100901,3347.765,1080.29
20100902,3401.521,1090.1
20100903,3411.982,1104.51
20100906,3446.497,1104.51
20100907,3460.921,1091.84
20100908,3471.414,1098.87
20100909,3415.419,1104.18
20100910,3434.13,1109.55
20100913,3479.449,1121.9
20100914,3486.028,1121.1
20100915,3426.308,1125.07
20100916,3353.931,1124.66
20100917,3355.767,1125.59
20100920,3331.836,1142.71
20100921,3333.738,1139.78
20100927,3402.622,1142.16
20100928,3380.643,1147.7
20100929,3358.65,1144.73
20100930,3420.955,1141.2
20101008,3528.451,1165.15
20101011,3595.386,1165.32
20101012,3629.271,1169.77
20101013,3667.776,1178.1
20101014,3628.323,1173.81
20101015,3700.673,1176.19
20101018,3667.066,1184.71
20101019,3758.122,1165.9
20101020,3778.904,1178.17
20101021,3774.813,1180.26
20101022,3791.903,1183.08
20101025,3899.028,1185.62
20101026,3900.682,1185.64
20101027,3844.398,1182.45
20101028,3842.25,1183.78
20101029,3846.181,1183.26
20101101,3953.594,1184.38
20101102,3940.284,1193.57
20101103,3889.061,1197.96
20101104,3966.447,1221.06
20101105,4018.234,1225.85
20101108,4071.824,1223.25
20101109,4064.703,1213.4
20101110,4054.479,1218.71
20101111,4048.106,1213.54
20101112,3797.948,1199.21
20101115,3856.257,1197.75
20101116,3704.685,1178.34
20101117,3600.781,1178.59
20101118,3652.742,1196.69
20101119,3718.198,1199.73
20101122,3736.314,1197.84
20101123,3668.448,1180.73
20101124,3759.738,1198.35
20101125,3805.276,1198.35
20101126,3778.268,1189.4
20101129,3780.912,1187.76
20101130,3701.815,1180.55
20101201,3702.453,1206.07
20101202,3722.495,1221.53
20101203,3713.282,1224.71
20101206,3696.287,1223.12
20101207,3741.368,1223.75
20101208,3718.654,1228.28
20101209,3654.54,1233
20101210,3701.414,1240.4
20101213,3812.638,1240.46
20101214,3837.363,1241.59
20101215,3818.617,1235.23
20101216,3804.384,1242.87
20101217,3802.809,1243.91
20101220,3750.679,1247.08
20101221,3816.779,1254.6
20101222,3780.46,1258.84
20101223,3731.454,1256.77
20101224,3688.429,1256.77
20101227,3602.289,1257.54
20101228,3531.295,1258.51
20101229,3567.783,1259.78
20101230,3575.238,1257.88
20101231,3652.168,1257.64
20110104,3715.531,1270.2
20110105,3709.431,1276.56
20110106,3691.124,1273.85
20110107,3687.252,1271.5
20110110,3605.544,1269.75
20110111,3607.074,1274.48
20110112,3628.088,1285.96
20110113,3626.512,1283.76
20110114,3562.683,1293.24
20110117,3421.591,1293.24
20110118,3429.723,1295.02
20110119,3509.175,1281.92
20110120,3391.508,1280.26
20110121,3427.489,1283.35
20110124,3375.646,1290.84
20110125,3343.786,1291.18
20110126,3394.795,1296.63
20110127,3450.206,1299.54
20110128,3471.969,1276.34
20110131,3518.07,1286.12
20110201,3522.85,1307.59
20110209,3492.891,1320.88
20110210,3574.733,1321.87
20110211,3601.834,1329.15
20110214,3693.83,1332.32
20110215,3693.804,1328.01
20110216,3740.295,1336.32
20110217,3748.309,1340.43
20110218,3712.299,1343.01
20110221,3773.695,1343.01
20110222,3669.537,1315.44
20110223,3696.698,1307.4
20110224,3719.314,1306.1
20110225,3725.679,1319.88
20110228,3774.153,1327.22
20110301,3792.093,1306.33
20110302,3780.556,1308.44
20110303,3738.289,1330.97
20110304,3789.42,1321.15
20110307,3852.048,1310.13
20110308,3862.655,1321.82
20110309,3868.732,1320.02
20110310,3818.756,1295.11
20110311,3794.69,1304.28
20110314,3820.495,1296.39
20110315,3762.91,1281.87
20110316,3813.219,1256.88
20110317,3749.132,1273.72
20110318,3770.427,1279.2
20110321,3754.416,1298.38
20110322,3765.03,1293.77
20110323,3813.223,1297.54
20110324,3808.205,1309.66
20110325,3848.789,1313.8
20110328,3841.937,1310.19
20110329,3793.728,1319.44
20110330,3779.121,1328.26
20110331,3737.716,1325.83
20110401,3790.167,1332.41
20110406,3814.875,1335.54
20110407,3833.132,1333.51
20110408,3870.617,1328.17
20110411,3846.02,1324.46
20110412,3841.72,1314.16
20110413,3887.909,1314.41
20110414,3873.124,1314.52
20110415,3878.761,1319.68
20110418,3886.017,1305.14
20110419,3826.113,1312.62
20110420,3837.607,1330.36
20110421,3863.048,1337.38
20110422,3842.823,1337.38
20110425,3775.007,1335.25
20110426,3734.637,1347.24
20110427,3702.521,1355.66
20110428,3620.668,1360.48
20110429,3665.819,1363.61
20110503,3704.248,1356.62
20110504,3617.758,1347.32
20110505,3621.68,1335.1
20110506,3627.419,1340.2
20110509,3645.969,1346.29
20110510,3672.021,1357.16
20110511,3669.307,1342.08
20110512,3618.247,1348.65
20110513,3647.631,1337.77
20110516,3627.76,1329.47
20110517,3629.398,1328.98
20110518,3655.518,1340.68
20110519,3635.841,1343.6
20110520,3631.619,1333.27
20110523,3508.694,1317.37
20110524,3510.264,1316.28
20110525,3469.131,1320.47
20110526,3447.892,1325.69
20110527,3392.377,1331.1
20110530,3362.27,1331.1
20110531,3423.782,1345.2
20110601,3440.537,1314.55
20110602,3388.541,1312.94
20110603,3432.729,1300.16
20110607,3458.145,1284.94
20110608,3468.075,1279.56
20110609,3397.602,1289
20110610,3407.1,1270.98
20110613,3397.93,1271.83
20110614,3448.501,1287.87
20110615,3415.572,1265.42
20110616,3353.318,1267.64
20110617,3315.636,1271.5
20110620,3285.562,1278.36
20110621,3326.553,1295.52
20110622,3323.38,1287.14
20110623,3380.999,1283.5
20110624,3460.726,1268.45
20110627,3485.794,1280.1
20110628,3492.893,1296.67
20110629,3446.54,1307.41
20110630,3496.739,1320.64
20110701,3507.994,1339.67
20110704,3590.998,1339.67
20110705,3602.282,1337.88
20110706,3601.898,1339.22
20110707,3593.652,1353.22
20110708,3596.059,1343.8
20110711,3612.672,1319.49
20110712,3552.077,1313.64
20110713,3614.835,1317.72
20110714,3635.623,1308.87
20110715,3655.582,1316.14
20110718,3652.593,1305.44
20110719,3616.539,1326.73
20110720,3616.388,1325.84
20110721,3573.986,1343.8
20110722,3586.674,1345.02
20110725,3458.394,1337.43
20110726,3471.906,1331.94
20110727,3511.529,1304.89
20110728,3491.167,1300.67
20110729,3470.446,1292.28
20110801,3481.104,1286.94
20110802,3457.892,1254.05
20110803,3462.98,1260.34
20110804,3473.524,1200.07
20110805,3400.429,1199.38
20110808,3257.112,1119.46
20110809,3256.304,1172.53
20110810,3294.261,1120.76
20110811,3348.175,1172.64
20110812,3370.212,1178.81
20110815,3419.895,1204.49
20110816,3395.637,1192.76
20110817,3384.14,1193.89
20110818,3323.582,1140.65
20110819,3292.86,1123.53
20110822,3263.782,1123.82
20110823,3316.38,1162.35
20110824,3307.902,1177.6
20110825,3397.274,1159.27
20110826,3400.345,1176.8
20110829,3356.705,1210.08
20110830,3336.009,1212.92
20110831,3331.982,1218.89
20110901,3313.778,1204.42
20110902,3276.955,1173.97
20110905,3203.01,1173.97
20110906,3179.7,1165.24
20110907,3249.364,1198.62
20110908,3219.831,1185.9
20110909,3208.336,1154.23
20110913,3165.217,1172.87
20110914,3189.476,1188.68
20110915,3188.574,1209.11
20110916,3192.084,1216.01
20110919,3129.022,1204.09
20110920,3143.218,1202.09
20110921,3236.144,1166.76
20110922,3139.471,1129.56
20110923,3117.811,1136.43
20110926,3057.857,1162.95
20110927,3080.886,1175.38
20110928,3039.791,1151.06
20110929,2981.468,1160.4
20110930,2972.772,1131.42
20111010,2950.187,1194.89
20111011,2943.765,1195.54
20111012,3049.376,1207.25
20111013,3079.313,1203.66
20111014,3067.602,1224.58
20111017,3080.959,1200.86
20111018,2992.026,1225.38
20111019,2979.855,1209.88
20111020,2901.724,1215.39
20111021,2871.394,1238.25
20111024,2938.164,1254.19
20111025,3003.89,1229.05
20111026,3033.2,1242
20111027,3038.43,1284.59
20111028,3100.589,1285.09
20111031,3100.438,1253.3
20111101,3102.531,1218.28
20111102,3155.777,1237.9
20111103,3164.567,1261.15
20111104,3187.575,1253.23
20111107,3164.373,1261.12
20111108,3142.486,1275.92
20111109,3180.284,1229.1
20111110,3127.82,1239.69
20111111,3124.664,1263.85
20111114,3193.561,1251.78
20111115,3199.471,1257.81
20111116,3115.883,1236.91
20111117,3109.424,1216.13
20111118,3033.943,1215.65
20111121,3037.405,1192.98
20111122,3035.623,1188.04
20111123,3013.378,1161.79
20111124,3014.869,1161.79
20111125,2993.836,1158.67
20111128,2997.055,1192.55
20111129,3041.405,1195.19
20111130,2929.286,1246.96
20111201,2995.854,1244.58
20111202,2951.963,1244.28
20111205,2887.603,1257.08
20111206,2884.757,1258.47
20111207,2896.423,1261.01
20111208,2894.187,1234.35
20111209,2868.239,1255.19
20111212,2836.174,1236.47
20111213,2757.904,1225.73
20111214,2720.681,1211.82
20111215,2654.353,1215.75
20111216,2718.427,1219.66
20111219,2717.108,1205.35
20111220,2708.549,1241.3
20111221,2656.214,1243.72
20111222,2641.151,1254
20111223,2662.012,1265.33
20111226,2639.32,1265.33
20111227,2589.547,1265.43
20111228,2584.89,1249.64
20111229,2587.587,1263.02
20111230,2629.347,1257.6
20120104,2571.951,1277.3
20120105,2513.699,1281.06
20120106,2527.247,1277.81
20120109,2619.638,1280.7
20120110,2713.529,1292.08
20120111,2707.796,1292.48
20120112,2706.03,1295.5
20120113,2638.112,1289.09
20120116,2570.845,1289.09
20120117,2701.592,1293.67
20120118,2650.583,1308.04
20120119,2690.351,1314.5
20120120,2728.343,1315.38
20120130,2694.404,1313.01
20120131,2697.423,1312.41
20120201,2667.517,1324.09
20120202,2725.674,1325.54
20120203,2757.062,1344.9
20120206,2766.554,1344.33
20120207,2717.702,1347.05
20120208,2792.748,1349.96
20120209,2802.279,1351.95
20120210,2811.136,1342.64
20120213,2822.687,1351.77
20120214,2817.058,1350.5
20120215,2853.766,1343.23
20120216,2845.036,1358.04
20120217,2841.682,1361.23
20120220,2847.056,1361.23
20120221,2875.493,1362.21
20120222,2922.194,1357.66
20120223,2931.251,1363.46
20120224,2974.595,1365.74
20120227,2982.534,1367.59
20120228,2977.756,1372.18
20120229,2943.445,1365.68
20120301,2950.118,1374.09
20120302,3004.724,1369.63
20120305,2996.008,1364.33
20120306,2957.477,1343.36
20120307,2938.741,1352.63
20120308,2978.285,1365.91
20120309,3015.739,1370.87
20120312,3017.148,1371.09
20120313,3047.039,1395.95
20120314,2939.647,1394.28
20120315,2912.907,1402.6
20120316,2969.033,1404.17
20120319,2990.095,1409.75
20120320,2932.541,1405.52
20120321,2938.38,1402.89
20120322,2931.922,1392.78
20120323,2887.495,1397.11
20120326,2886.869,1416.51
20120327,2877.95,1412.52
20120328,2776.021,1405.54
20120329,2733.407,1403.28
20120330,2737.201,1408.47
20120405,2811.069,1398.08
20120406,2824.326,1398.08
20120409,2794.769,1382.2
20120410,2823.859,1358.59
20120411,2829.664,1368.71
20120412,2886.758,1387.57
20120413,2903.378,1370.26
20120416,2902.518,1369.57
20120417,2864.525,1390.78
20120418,2929.285,1385.14
20120419,2924.667,1376.92
20120420,2954.358,1378.53
20120423,2922.326,1366.94
20120424,2911.868,1371.97
20120425,2943.039,1390.69
20120426,2940.104,1399.98
20120427,2926.836,1403.36
20120502,2979.694,1402.31
20120503,2990.597,1391.57
20120504,3015.884,1369.1
20120507,3026.91,1369.58
20120508,3021.787,1363.72
20120509,2967.797,1354.58
20120510,2972.471,1357.99
20120511,2952.357,1353.39
20120514,2936.583,1338.35
20120515,2934.811,1330.66
20120516,2893.028,1324.8
20120517,2936.009,1304.86
20120518,2890.434,1295.22
20120521,2896.938,1315.99
20120522,2940.529,1316.63
20120523,2931.775,1318.86
20120524,2908.337,1320.68
20120525,2879.712,1317.82
20120528,2922.591,1317.82
20120529,2965.028,1332.42
20120530,2962.261,1313.32
20120531,2957.274,1310.33
20120601,2955.832,1278.04
20120604,2867.402,1278.18
20120605,2866.419,1285.5
20120606,2861.283,1315.13
20120607,2845.283,1314.99
20120608,2828.696,1325.66
20120611,2871.921,1308.93
20120612,2854.21,1324.18
20120613,2902.557,1314.88
20120614,2882.038,1329.1
20120615,2887.456,1342.84
20120618,2908.231,1344.78
20120619,2886.106,1357.98
20120620,2877.219,1355.69
20120621,2835.268,1325.51
20120625,2769.358,1313.72
20120626,2766.748,1319.99
20120627,2758.886,1331.85
20120628,2729.538,1329.04
20120629,2767.827,1362.16
20120702,2783.993,1365.51
20120703,2789.573,1374.02
20120704,2781.86,1374.02
20120705,2733.35,1367.58
20120706,2783.098,1354.68
20120709,2717.87,1352.46
20120710,2699.772,1341.47
20120711,2722.597,1341.45
20120712,2753.279,1334.76
20120713,2747.579,1356.78
20120716,2669.988,1353.64
20120717,2687.484,1363.67
20120718,2695.346,1372.78
20120719,2715.881,1376.51
20120720,2692.548,1362.66
20120723,2660.152,1350.52
20120724,2675.53,1338.31
20120725,2656.744,1337.89
20120726,2638.343,1360.02
20120727,2632.714,1385.97
20120730,2600.721,1385.3
20120731,2580.403,1379.32
20120801,2615.484,1375.14
20120802,2593.601,1365
20120803,2628.529,1390.99
20120806,2675.802,1394.23
20120807,2689,1401.35
20120808,2686.008,1402.22
20120809,2716.334,1402.8
20120810,2706.727,1405.87
20120813,2651.257,1404.11
20120814,2664.73,1403.93
20120815,2636.574,1405.53
20120816,2620.765,1415.51
20120817,2617.06,1418.16
20120820,2612.8,1418.13
20120821,2637.7,1413.17
20120822,2617.647,1413.49
20120823,2629.531,1402.08
20120824,2589.796,1411.13
20120827,2533.084,1410.44
20120828,2546.603,1409.3
20120829,2525.708,1410.49
20120830,2504.941,1399.48
20120831,2504.764,1406.58
20120903,2539.721,1406.58
20120904,2514.302,1404.94
20120905,2518.498,1403.44
20120906,2542.345,1432.12
20120907,2644.542,1437.92
20120910,2661.057,1429.08
20120911,2647.719,1433.56
20120912,2661.142,1436.56
20120913,2630.404,1459.99
20120914,2642.745,1465.77
20120917,2572.489,1461.19
20120918,2553.313,1459.32
20120919,2570.365,1461.05
20120920,2503.592,1460.26
20120921,2497.758,1460.15
20120924,2515.738,1456.89
20120925,2504.283,1441.59
20120926,2461.833,1433.32
20120927,2528.33,1447.15
20120928,2574.136,1440.67
20121008,2556.069,1455.88
20121009,2617.136,1441.48
20121010,2631.23,1432.56
20121011,2600.438,1432.84
20121012,2599.425,1428.59
20121015,2586.188,1440.13
20121016,2592.094,1454.92
20121017,2596.876,1460.91
20121018,2638.112,1457.34
20121019,2632.659,1433.19
20121022,2643.565,1433.82
20121023,2612.122,1413.11
20121024,2607.514,1408.75
20121025,2585.733,1412.97
20121026,2535.047,1411.94
20121029,2525.492,1411.94
20121030,2529.281,1411.94
20121031,2542.544,1412.16
20121101,2589.821,1427.59
20121102,2601.467,1414.2
20121105,2593.897,1417.26
20121106,2579.625,1428.39
20121107,2575.57,1394.53
20121108,2521.681,1377.51
20121109,2515.233,1379.85
20121112,2529.768,1380.03
20121113,2482.908,1374.53
20121114,2491.714,1355.49
20121115,2454.236,1353.33
20121116,2437.33,1359.88
20121119,2439.704,1386.89
20121120,2430.181,1387.81
20121121,2460.378,1391.03
20121122,2436.536,1391.03
20121123,2449.262,1409.15
20121126,2425.893,1406.29
20121127,2372.311,1398.94
20121128,2336.528,1409.93
20121129,2318.065,1415.95
20121130,2346.825,1416.18
20121203,2303.787,1409.46
20121204,2330.013,1407.05
20121205,2414.62,1409.28
20121206,2411.408,1413.94
20121207,2461.651,1418.07
20121210,2494.751,1418.55
20121211,2479.558,1427.84
20121212,2485.389,1428.48
20121213,2455.781,1419.45
20121214,2569.54,1413.58
20121217,2583.261,1430.36
20121218,2581.446,1446.79
20121219,2587.893,1435.81
20121220,2600.039,1443.69
20121221,2591.209,1430.15
20121224,2604.324,1426.66
20121225,2672.229,1426.66
20121226,2693.837,1419.83
20121227,2675.285,1418.1
20121228,2710.566,1402.43
20121231,2749.849,1426.19
20130104,2745.756,1466.47
20130107,2766.23,1461.89
20130108,2773.172,1457.15
20130109,2775.959,1461.02
20130110,2786.285,1472.12
20130111,2729.87,1472.05
20130114,2829.592,1470.68
20130115,2862.974,1472.34
20130116,2849.664,1472.63
20130117,2820.924,1480.94
20130118,2867.296,1485.98
20130121,2886.805,1485.98
20130122,2857.385,1492.56
20130123,2866.981,1494.81
20130124,2824.576,1494.82
20130125,2815.89,1502.96
20130128,2896.96,1500.18
20130129,2923.651,1507.84
20130130,2935.023,1501.96
20130131,2926.959,1498.11
20130201,2971.19,1513.17
20130204,2965.343,1495.71
20130205,2992.205,1511.29
20130206,3002.051,1512.12
20130207,2996.611,1509.39
20130208,3021.59,1517.93
20130218,3008.435,1519.79
20130219,2954.183,1530.94
20130220,2989.724,1511.95
20130221,2906.314,1502.42
20130222,2894.49,1515.6
20130225,2913.187,1487.85
20130226,2872.45,1496.94
20130227,2890.581,1515.99
20130228,2965.166,1514.68
20130301,2978.115,1518.2
20130304,2857.575,1525.2
20130305,2934.543,1539.79
20130306,2972.799,1541.46
20130307,2938.906,1544.26
20130308,2918.76,1551.18
20130311,2909.617,1556.22
20130312,2854.855,1552.48
20130313,2826.395,1554.52
20130314,2835.131,1563.23
20130315,2840.833,1560.7
20130318,2802.649,1552.1
20130319,2819.673,1548.34
20130320,2904.717,1558.71
20130321,2921.356,1545.8
20130322,2927.392,1556.89
20130325,2923.437,1551.69
20130326,2890.979,1563.77
20130327,2899.804,1562.85
20130328,2810.363,1569.19
20130329,2807.682,1569.19
20130401,2814.734,1562.17
20130402,2793.552,1570.25
20130403,2780.518,1553.69
20130408,2778.865,1563.07
20130409,2800.914,1568.61
20130410,2794.062,1587.73
20130411,2785.076,1593.37
20130412,2765.445,1588.85
20130415,2733.445,1552.36
20130416,2759.704,1574.57
20130417,2770.138,1552.01
20130418,2777.628,1541.61
20130419,2845.669,1555.25
20130422,2851.752,1562.5
20130423,2766.063,1578.78
20130424,2820.861,1578.79
20130425,2783.017,1585.16
20130426,2747.908,1582.24
20130502,2756.808,1597.59
20130503,2807.879,1614.42
20130506,2850.845,1617.5
20130507,2856.476,1625.96
20130508,2876.902,1632.69
20130509,2869.45,1626.67
20130510,2885.84,1633.7
20130513,2885.667,1633.77
20130514,2847.503,1650.34
20130515,2873.598,1658.78
20130516,2913.578,1650.47
20130517,2956.846,1667.47
20130520,2987.065,1666.29
20130521,3007.961,1669.16
20130522,2996.776,1655.35
20130523,2965.256,1650.51
20130524,2994.764,1649.6
20130527,3009.879,1649.6
20130528,3035.986,1660.06
20130529,3044.275,1648.36
20130530,3042.46,1654.41
20130531,3017.226,1630.74
20130603,3004.292,1640.42
20130604,2953.44,1631.38
20130605,2956.436,1608.9
20130606,2913.961,1622.56
20130607,2865.332,1643.38
20130613,2777.612,1636.36
20130614,2813.827,1626.73
20130617,2810.437,1639.04
20130618,2823.215,1651.81
20130619,2805.031,1628.93
20130620,2713.976,1588.19
20130621,2704.654,1592.43
20130624,2537.954,1573.09
20130625,2530.912,1588.03
20130626,2558.25,1603.26
20130627,2534.052,1613.2
20130628,2557.201,1606.28
20130701,2590.968,1614.96
20130702,2617.395,1614.08
20130703,2607.739,1615.41
20130704,2626.447,1615.41
20130705,2620.474,1631.89
20130708,2535.79,1640.46
20130709,2543.034,1652.32
20130710,2615.197,1652.62
20130711,2710.371,1675.02
20130712,2671.817,1680.19
20130715,2719.189,1682.5
20130716,2739.98,1676.26
20130717,2700.007,1680.91
20130718,2675.37,1689.37
20130719,2613.576,1692.09
20130722,2645.861,1695.53
20130723,2716.077,1692.39
20130724,2715.14,1685.94
20130725,2681.397,1690.25
20130726,2672.79,1691.65
20130729,2619.838,1685.33
20130730,2623.496,1685.96
20130731,2632.492,1685.73
20130801,2701.693,1706.87
20130802,2707.501,1709.67
20130805,2747.292,1707.14
20130806,2770.214,1697.37
20130807,2747.081,1690.91
20130808,2749.009,1697.48
20130809,2757.316,1691.42
20130812,2815.565,1689.47
20130813,2828.362,1694.16
20130814,2819.042,1685.39
20130815,2786.785,1661.32
20130816,2747.392,1655.83
20130819,2789.959,1646.06
20130820,2778.129,1652.35
20130821,2784.149,1642.8
20130822,2785.147,1656.96
20130823,2773.276,1663.5
20130826,2830.995,1656.78
20130827,2845.871,1630.48
20130828,2825.69,1634.96
20130829,2819.857,1638.17
20130830,2799.244,1632.97
20130902,2812.887,1632.97
20130903,2855.009,1639.77
20130904,2855.856,1653.08
20130905,2855.097,1655.08
20130906,2876.202,1655.17
20130909,2939.44,1671.71
20130910,2971.761,1683.99
20130911,2961.37,1689.13
20130912,2979.315,1683.42
20130913,2972.439,1687.99
20130916,2972.232,1697.6
20130917,2917.217,1704.76
20130918,2933.503,1725.52
20130923,2987.094,1701.84
20130924,2972.427,1697.42
20130925,2956.957,1692.77
20130926,2902.388,1698.67
20130927,2913.179,1691.75
20130930,2942.847,1681.55
20131008,2987.541,1655.45
20131009,3013.55,1656.4
20131010,2987.007,1692.56
20131011,3033.06,1703.2
20131014,3051.612,1710.14
20131015,3048.279,1698.06
20131016,2976.25,1721.54
20131017,2969.985,1733.15
20131018,2986.386,1744.5
20131021,3051.973,1744.66
20131022,3019.576,1754.67
20131023,2965.482,1746.38
20131024,2944.277,1752.07
20131025,2897.496,1759.77
20131028,2893.297,1762.11
20131029,2860.937,1771.95
20131030,2905.017,1763.31
20131031,2865.648,1756.54
20131101,2866.136,1761.64
20131104,2871.912,1767.93
20131105,2893.989,1762.97
20131106,2862.247,1770.49
20131107,2835.46,1747.15
20131108,2795.865,1770.61
20131111,2808.512,1771.89
20131112,2836.469,1767.69
20131113,2779.225,1782
20131114,2809.204,1790.62
20131115,2865.325,1798.18
20131118,2946.823,1791.53
20131119,2941.947,1787.87
20131120,2962.503,1781.37
20131121,2949.041,1795.85
20131122,2935.141,1804.76
20131125,2929.886,1802.48
20131126,2933.351,1802.75
20131127,2968.902,1807.23
20131128,2995.76,1807.23
20131129,3008.753,1805.81
20131202,2918.935,1800.9
20131203,2960.485,1795.15
20131204,3000.601,1792.81
20131205,2991.008,1785.03
20131206,2977.315,1805.09
20131209,2991.352,1808.37
20131210,2993.845,1802.62
20131211,2955.243,1782.22
20131212,2962.427,1775.5
20131213,2964.938,1775.32
20131216,2920.043,1786.54
20131217,2903.89,1781
20131218,2902.258,1810.65
20131219,2874.123,1809.6
20131220,2823.694,1818.32
20131223,2823.994,1827.99
20131224,2838.264,1833.32
20131225,2868.537,1833.32
20131226,2819.026,1842.02
20131227,2866.675,1841.4
20131230,2871.449,1841.07
20131231,2893.208,1848.36
20140102,2900.626,1831.98
20140103,2874.322,1831.37
20140106,2803.288,1826.77
20140107,2814.103,1837.88
20140108,2825.825,1837.49
20140109,2793.496,1838.13
20140110,2758.993,1842.37
20140113,2748.419,1819.2
20140114,2788.848,1838.88
20140115,2797.388,1848.38
20140116,2798.913,1845.89
20140117,2764.64,1838.7
20140120,2746.047,1838.7
20140121,2781.523,1843.8
20140122,2849.942,1844.86
20140123,2854.229,1828.46
20140124,2882.484,1790.29
20140127,2860.212,1781.56
20140128,2859.085,1792.5
20140129,2879.786,1774.2
20140130,2856.842,1794.19
20140207,2890.698,1797.02
20140210,2965.066,1799.84
20140211,2977.536,1819.75
20140212,2999.061,1819.26
20140213,2964.697,1829.83
20140214,3002.928,1838.63
20140217,3044.691,1838.63
20140218,3024.971,1840.76
20140219,3042.601,1828.75
20140220,3005.346,1839.78
20140221,2984.666,1836.25
20140224,2955.74,1847.61
20140225,2860.967,1845.12
20140226,2873.723,1845.16
20140227,2846.489,1854.29
20140228,2877.257,1859.45
20140303,2915.714,1845.73
20140304,2912.228,1873.91
20140305,2895.412,1873.81
20140306,2901.321,1877.03
20140307,2893.162,1878.04
20140310,2792.686,1877.17
20140311,2797.95,1867.63
20140312,2799.262,1868.2
20140313,2834.672,1846.34
20140314,2819.057,1841.13
20140317,2863.736,1858.83
20140318,2869.029,1872.25
20140319,2856.785,1860.77
20140320,2795.262,1872.01
20140321,2866.001,1866.52
20140324,2884.39,1857.44
20140325,2883.674,1865.62
20140326,2887.804,1852.56
20140327,2851.409,1849.04
20140328,2815.035,1857.62
20140331,2801.243,1872.34
20140401,2834.97,1885.52
20140402,2841.915,1890.9
20140403,2831.165,1888.77
20140404,2860.838,1865.09
20140408,2906.994,1851.96
20140409,2922.666,1872.18
20140410,2951.853,1833.08
20140411,2943.269,1815.69
20140414,2952.683,1830.61
20140415,2918.775,1842.98
20140416,2921.631,1862.31
20140417,2916.663,1864.85
20140418,2922.43,1864.85
20140421,2876.058,1871.89
20140422,2871.326,1879.55
20140423,2864.562,1875.39
20140424,2848.013,1878.61
20140425,2803.587,1863.4
20140428,2737.388,1869.43
20140429,2770.012,1878.33
20140430,2782.726,1883.95
20140505,2795.583,1884.66
20140506,2805.43,1867.72
20140507,2768.451,1878.21
20140508,2768.014,1875.63
20140509,2752.848,1878.48
20140512,2814.106,1896.65
20140513,2809.571,1897.45
20140514,2807.937,1888.53
20140515,2763.497,1870.85
20140516,2760.306,1877.86
20140519,2734.654,1885.08
20140520,2740.789,1872.83
20140521,2765.505,1888.03
20140522,2763.344,1892.49
20140523,2789.855,1900.53
20140526,2812.252,1900.53
20140527,2801.61,1911.91
20140528,2833.387,1909.78
20140529,2807.799,1920.03
20140530,2812.155,1923.57
20140603,2805.939,1924.24
20140604,2781.954,1927.88
20140605,2814.325,1940.46
20140606,2800.262,1949.44
20140609,2791.165,1951.27
20140610,2826.066,1950.79
20140611,2834.224,1943.89
20140612,2827.937,1930.11
20140613,2858.132,1936.16
20140616,2877.473,1937.78
20140617,2850.275,1941.99
20140618,2834.033,1956.98
20140619,2773.126,1959.48
20140620,2793.449,1962.87
20140623,2806.457,1962.61
20140624,2823.209,1949.98
20140625,2809.014,1959.53
20140626,2839.676,1957.22
20140627,2851.294,1960.96
20140630,2875.344,1960.23
20140701,2884.265,1973.32
20140702,2897.535,1974.62
20140703,2914.799,1985.44
20140704,2911.076,1985.44
20140707,2909.615,1977.65
20140708,2923.688,1963.71
20140709,2880.613,1972.83
20140710,2876.897,1964.68
20140711,2892.868,1967.57
20140714,2927.797,1977.1
20140715,2925.128,1973.28
20140716,2907.06,1981.57
20140717,2890.516,1958.12
20140718,2897.002,1978.22
20140721,2894.517,1973.63
20140722,2931.31,1983.53
20140723,2919.56,1987.01
20140724,2938.45,1987.98
20140725,2967.133,1978.34
20140728,3035.288,1978.91
20140729,3057.031,1969.95
20140730,3058.965,1970.07
20140731,3089.054,1930.67
20140801,3058.653,1925.15
20140804,3111.217,1938.99
20140805,3118.932,1920.21
20140806,3122.618,1920.24
20140807,3086.341,1909.57
20140808,3100.805,1931.59
20140811,3146.767,1936.92
20140812,3150.046,1933.75
20140813,3151.462,1946.72
20140814,3129.168,1955.18
20140815,3162.779,1955.06
20140818,3196.869,1971.74
20140819,3203.565,1981.6
20140820,3197.243,1986.51
20140821,3192.984,1992.37
20140822,3212.504,1988.4
20140825,3186.192,1997.92
20140826,3143.266,2000.02
20140827,3153.167,2000.12
20140828,3128.228,1996.74
20140829,3163.416,2003.37
20140901,3204.555,2003.37
20140902,3249.981,2002.28
20140903,3277.319,2000.72
20140904,3304.756,1997.65
20140905,3326.792,2007.71
20140909,3336.276,1988.44
20140910,3337.427,1995.69
20140911,3330.679,1997.45
20140912,3361.658,1985.54
20140915,3379.947,1984.13
20140916,3289.848,1998.98
20140917,3311.88,2001.57
20140918,3329.809,2011.36
20140919,3358.104,2010.4
20140922,3308.434,1994.29
20140923,3345.852,1982.77
20140924,3396.849,1998.3
20140925,3394.836,1965.99
20140926,3403.216,1982.85
20140929,3428.748,1977.8
20140930,3444.717,1972.29
20141008,3489.708,1968.89
20141009,3499.159,1928.21
20141010,3482.063,1906.13
20141013,3474.642,1874.74
20141014,3464.743,1877.7
20141015,3483.46,1862.49
20141016,3442.783,1862.76
20141017,3419.324,1886.76
20141020,3454.636,1904.01
20141021,3425.041,1941.28
20141022,3393.293,1927.11
20141023,3348.922,1950.82
20141024,3350.71,1964.58
20141027,3351.835,1961.63
20141028,3429.542,1985.05
20141029,3477.859,1982.3
20141030,3489.96,1994.65
20141031,3510.72,2018.05
20141103,3533.408,2017.81
20141104,3523.298,2012.1
20141105,3515.16,2023.57
20141106,3531.785,2031.21
20141107,3511.744,2031.92
20141110,3566.396,2038.26
20141111,3499.258,2039.68
20141112,3552.151,2038.25
20141113,3519.254,2039.33
20141114,3514.632,2039.82
20141117,3528.758,2041.32
20141118,3519.918,2051.8
20141119,3529.697,2048.72
20141120,3526.773,2052.75
20141121,3575.874,2063.5
20141124,3641.002,2069.41
20141125,3694.15,2067.03
20141126,3730.455,2072.83
20141127,3765.199,2072.83
20141128,3801.611,2067.56
20141201,3789.727,2053.44
20141202,3879.901,2066.55
20141203,3928.619,2074.33
20141204,4051.312,2071.92
20141205,4018.927,2075.37
20141208,4115.814,2060.31
20141209,3935.365,2059.82
20141210,4074.052,2026.14
20141211,4078.678,2035.33
20141212,4105.878,2002.33
20141215,4153.422,1989.63
20141216,4210.718,1972.74
20141217,4225.942,2012.89
20141218,4212.881,2061.23
20141219,4217.024,2070.65
20141222,4136.18,2078.54
20141223,4055.344,2082.17
20141224,4027.006,2081.88
20141225,4125.632,2081.88
20141226,4210.809,2088.77
20141229,4186.363,2090.57
20141230,4152.926,2080.35
20141231,4219.002,2058.9
20150105,4310.693,2020.58
20150106,4338.934,2002.61
20150107,4341.894,2025.9
20150108,4277.761,2062.14
20150109,4257.059,2044.81
20150112,4209.383,2028.26
20150113,4236.69,2023.03
20150114,4220.656,2011.27
20150115,4304.687,1992.67
20150116,4349.651,2019.42
20150119,4102.099,2019.42
20150120,4196.971,2022.55
20150121,4342.22,2032.12
20150122,4385.058,2063.15
20150123,4368.623,2051.82
20150126,4435.868,2057.09
20150127,4425.595,2029.55
20150128,4383.216,2002.16
20150129,4342.749,2021.25
20150130,4287.844,1994.99
20150202,4227.981,2020.85
20150203,4317.458,2050.03
20150204,4290.962,2041.51
20150205,4261.616,2062.52
20150206,4184.678,2055.47
20150209,4192.663,2046.74
20150210,4257.965,2068.59
20150211,4300.678,2068.53
20150212,4323.557,2088.48
20150213,4376.232,2096.99
20150216,4436.61,2096.99
20150217,4468.303,2100.34
20150225,4436.94,2113.86
20150226,4512.461,2110.74
20150227,4540.135,2104.5
20150302,4607.945,2117.39
20150303,4537.468,2107.78
20150304,4589.902,2098.53
20150305,4575.789,2101.04
20150306,4535.455,2071.26
20150309,4604.999,2079.43
20150310,4624.647,2044.16
20150311,4625.728,2040.24
20150312,4661.811,2065.95
20150313,4710.852,2053.4
20150316,4841.606,2081.19
20150317,4908.645,2074.28
20150318,5012.041,2099.5
20150319,5027.449,2089.27
20150320,5089.961,2108.1
20150323,5208.891,2104.42
20150324,5231.421,2091.5
20150325,5241.517,2061.05
20150326,5212.772,2056.15
20150327,5256.351,2061.02
20150330,5350.514,2086.24
20150331,5335.489,2067.89
20150401,5448.165,2059.69
20150402,5509.212,2066.96
20150403,5590.937,2066.96
20150407,5711.517,2076.33
20150408,5706.098,2081.9
20150409,5660.241,2091.18
20150410,5787.21,2102.06
20150413,5901.748,2092.43
20150414,5915.937,2095.84
20150415,5764.913,2106.63
20150416,5885.225,2104.99
20150417,5958.144,2081.18
20150420,5852.959,2100.4
20150421,6023.42,2097.29
20150422,6188.01,2107.96
20150423,6224.562,2112.93
20150424,6205.162,2117.69
20150427,6300.925,2108.92
20150428,6167.86,2114.76
20150429,6257.593,2106.85
20150430,6258.607,2085.51
20150504,6307.571,2114.49
20150505,6086.056,2089.46
20150506,6028.221,2080.15
20150507,5912.674,2088
20150508,6094.716,2116.1
20150511,6324.111,2105.33
20150512,6440.472,2099.12
20150513,6450.715,2098.48
20150514,6453.702,2121.1
20150515,6384.318,2122.73
20150518,6435.067,2129.2
20150519,6623.785,2127.83
20150520,6715.712,2125.85
20150521,6903.761,2130.82
20150522,7026.532,2126.06
20150525,7202.85,2126.06
20150526,7409.926,2104.2
20150527,7451.343,2123.48
20150528,6993.602,2120.79
20150529,7047.314,2107.39
20150601,7402.478,2111.73
20150602,7624.019,2109.6
20150603,7643.012,2114.07
20150604,7655.224,2095.84
20150605,7748.374,2092.83
20150608,7755.742,2079.28
20150609,7731.525,2080.15
20150610,7813.5883,2105.2
20150611,7891.5666,2108.86
20150612,7984.4277,2094.11
20150615,7830.2356,2084.43
20150616,7549.9808,2096.29
20150617,7686.7935,2100.44
20150618,7411.9047,2121.24
20150619,6943.037,2109.99
20150623,7048.7402,2124.2
20150624,7195.775,2108.58
20150625,6932.3883,2102.31
20150626,6377.069,2101.49
20150629,6044.1548,2057.64
20150630,6374.8301,2063.11
20150701,6038.6858,2077.42
20150702,5725.8337,2076.78
20150703,5390.6839,2076.78
20150706,5353.8637,2068.76
20150707,5145.5055,2081.34
20150708,4900.421,2046.68
20150709,5144.1341,2051.31
20150710,5386.2161,2076.62
20150713,5598.6399,2099.6
20150714,5610.2023,2108.95
20150715,5375.3762,2107.4
20150716,5437.807,2124.29
20150717,5691.548,2126.64
20150720,5768.487,2128.28
20150721,5830.5208,2119.21
20150722,5869.7439,2114.15
20150723,6026.9522,2102.15
20150724,5940.2568,2079.65
20150727,5478.8748,2067.64
20150728,5375.7202,2093.25
20150729,5590.3123,2108.57
20150730,5433.3947,2108.63
20150731,5380.0085,2103.84
20150803,5270.2944,2098.04
20150804,5507.6309,2093.32
20150805,5433.9836,2099.84
20150806,5400.5505,2083.56
20150807,5547.1084,2077.57
20150810,5811.6997,2104.18
20150811,5822.5337,2084.07
20150812,5748.4985,2086.05
20150813,5871.1454,2083.39
20150814,5898.5853,2091.54
20150817,5963.3582,2102.44
20150818,5561.4437,2096.92
20150819,5674.2758,2079.61
20150820,5490.6471,2035.73
20150821,5215.0209,1970.89
20150824,4788.0352,1893.21
20150825,4442.4837,1867.61
20150826,4334.1371,1940.51
20150827,4530.1391,1987.66
20150828,4764.9409,1988.87
20150831,4684.9614,1972.18
20150901,4529.7801,1913.85
20150902,4466.5665,1948.86
20150907,4421.3317,1921.22
20150908,4575.4331,1969.41
20150909,4701.483,1942.04
20150910,4637.7002,1952.29
20150911,4657.6949,1961.05
20150914,4450.3487,1953.03
20150915,4245.2702,1978.09
20150916,4490.133,1995.31
20150917,4407.8147,1990.2
20150918,4449.1782,1958.03
20150921,4570.0325,1966.97
20150922,4604.7325,1942.74
20150923,4533.2962,1938.76
20150924,4581.448,1932.24
20150925,4463.4867,1931.34
20150928,4521.8519,1881.77
20150929,4440.5637,1884.09
20150930,4460.0964,1920.03
20151008,4615.6928,2013.43
20151009,4681.4077,2014.89
20151012,4852.9858,2017.46
20151013,4886.2446,2003.69
20151014,4829.0979,1994.24
20151015,4962.5827,2023.86
20151016,5036.5197,2033.11
20151019,5036.6554,2033.66
20151020,5114.4502,2030.77
20151021,4875.2541,2018.94
20151022,5009.1602,2052.51
20151023,5118.8437,2075.15
20151026,5151.2903,2071.18
20151027,5174.6157,2065.89
20151028,5065.5535,2090.35
20151029,5096.5175,2089.41
20151030,5090.6437,2079.36
20151102,4989.7042,2104.05
20151103,4978.4912,2109.79
20151104,5221.3597,2102.31
20151105,5274.372,2099.93
20151106,5401.9236,2099.2
20151109,5481.5322,2078.58
20151110,5498.4812,2081.72
20151111,5551.0834,2075
20151112,5533.3608,2045.97
20151113,5445.3617,2023.04
20151116,5526.1399,2053.19
20151117,5497.8677,2050.44
20151118,5419.6251,2083.58
20151119,5542.245,2081.24
20151120,5592.7129,2089.17
20151123,5554.9956,2086.59
20151124,5587.5075,2089.14
20151125,5668.7365,2088.87
20151126,5636.3371,2088.87
20151127,5306.0705,2090.11
20151130,5330.9095,2080.41
20151201,5345.8612,2102.63
20151202,5402.5853,2079.51
20151203,5496.6221,2049.62
20151204,5439.6517,2091.69
20151207,5488.9399,2077.07
20151208,5385.932,2063.59
20151209,5384.6266,2047.62
20151210,5371.4135,2052.23
20151211,5335.843,2012.37
20151214,5456.5121,2021.94
20151215,5484.6308,2043.41
20151216,5503.5162,2073.07
20151217,5635.1173,2041.89
20151218,5633.0213,2005.55
20151221,5722.032,2021.15
20151222,5760.2863,2038.97
20151223,5711.2939,2064.29
20151224,5685.5846,2060.99
20151225,5716.5567,2060.99
20151228,5576.0394,2056.5
20151229,5631.4744,2078.36
20151230,5670.3542,2063.36
20151231,5592.6385,2043.94
20160104,5156.0202,2012.66
20160105,5101.9742,2016.71
20160106,5219.8111,1990.26
20160107,4809.708,1943.09
20160108,4874.6499,1922.03
20160111,4571.9722,1923.67
20160112,4583.3608,1938.68
20160113,4446.6713,1890.28
20160114,4578.4616,1921.84
20160115,4420.9882,1880.33
20160118,4478.9933,1880.33
20160119,4634.161,1881.33
20160120,4583.3879,1859.33
20160121,4414.2315,1868.99
20160122,4474.6314,1906.9
20160125,4514.4154,1877.08
20160126,4204.8792,1903.63
20160127,4169.1918,1882.95
20160128,4013.1212,1893.36
20160129,4154.9111,1940.24
20160201,4097.0781,1939.38
20160202,4218.685,1903.03
20160203,4224.5214,1912.53
20160204,4299.5391,1915.45
20160205,4261.1126,1880.05
20160215,4252.9029,1864.78
20160216,4412.0325,1895.58
20160217,4465.1662,1926.82
20160218,4453.3982,1917.83
20160219,4466.1619,1917.78
20160222,4561.689,1945.5
20160223,4528.7345,1921.27
20160224,4550.3457,1929.8
20160225,4227.4597,1951.7
20160226,4241.591,1948.05
20160229,4056.6096,1932.23
20160301,4140.2688,1978.35
20160302,4330.4674,1986.45
20160303,4340.9949,1993.4
20160304,4280.6192,1999.99
20160307,4343.7795,2001.76
20160308,4361.6316,1979.26
20160309,4283.7656,1989.26
20160310,4207.4331,1989.57
20160311,4203.8925,2022.19
20160314,4317.6649,2019.64
20160315,4303.3734,2015.93
20160316,4287.4165,2027.22
20160317,4392.5355,2040.59
20160318,4514.164,2049.58
20160321,4631.2287,2051.6
20160322,4610.1958,2049.8
20160323,4643.0294,2036.71
20160324,4570.4765,2035.94
20160325,4600.6479,2035.94
20160328,4568.7629,2037.05
20160329,4496.1751,2055.01
20160330,4641.4686,2063.95
20160331,4650.4847,2059.74
20160401,4639.5624,2072.78
20160405,4738.2285,2045.17
20160406,4749.7534,2066.66
20160407,4677.9879,2041.91
20160408,4640.2027,2047.6
20160411,4725.5249,2041.99
20160412,4698.084,2061.72
20160413,4763.0629,2082.42
20160414,4802.2386,2082.78
20160415,4799.4224,2080.73
20160418,4732.4013,2094.34
20160419,4748.9085,2100.8
20160420,4585.1937,2102.4
20160421,4541.6794,2091.48
20160422,4573.1799,2091.58
20160425,4552.1421,2087.79
20160426,4595.3986,2091.7
20160427,4579.5641,2095.15
20160428,4568.6579,2075.81
20160429,4564.6675,2065.3
20160503,4677.3277,2063.37
20160504,4676.3935,2051.12
20160505,4696.7818,2050.63
20160506,4537.6426,2057.14
20160509,4391.4785,2058.69
20160510,4387.491,2084.39
20160511,4377.8439,2064.46
20160512,4378.5427,2064.11
20160513,4363.0503,2046.61
20160516,4420.8682,2066.66
20160517,4411.9676,2047.21
20160518,4325.7964,2047.63
20160519,4337.4501,2040.04
20160520,4374.1905,2052.32
20160523,4418.1358,2048.04
20160524,4377.6691,2076.06
20160525,4366.3722,2090.54
20160526,4381.2085,2090.1
20160527,4378.0913,2099.06
20160530,4368.6869,2099.06
20160531,4532.8507,2096.96
20160601,4545.7611,2099.33
20160602,4574.8669,2105.26
20160603,4597.341,2099.13
20160606,4599.4223,2109.41
20160607,4601.1052,2112.13
20160608,4587.3905,2119.12
20160613,4401.3208,2079.06
20160614,4416.4555,2075.32
20160615,4526.7363,2071.5
20160616,4512.4567,2077.99
20160617,4538.498,2071.22
20160620,4548.5347,2083.25
20160621,4515.1667,2088.9
20160622,4575.4644,2085.45
20160623,4554.4893,2113.32
20160624,4505.9553,2037.41
20160627,4595.0952,2000.54
20160628,4632.5833,2036.09
20160629,4648.7955,2070.77
20160630,4650.6227,2098.86
20160701,4644.6109,2102.95
20160704,4725.5223,2102.95
20160705,4740.6284,2088.55
20160706,4759.2174,2099.73
20160707,4759.8565,2097.9
20160708,4741.7503,2129.9
20160711,4738.8151,2137.16
20160712,4808.2706,2152.14
20160713,4835.8987,2152.43
20160714,4836.2337,2163.75
20160715,4824.8528,2161.74
20160718,4803.7593,2166.89
20160719,4808.1265,2163.78
20160720,4801.6138,2173.02
20160721,4816.6499,2165.17
20160722,4775.4995,2175.03
20160725,4781.7487,2168.48
20160726,4840.1741,2169.18
20160727,4683.7956,2166.58
20160728,4682.343,2170.06
20160729,4652.7128,2173.6
20160801,4595.0077,2170.84
20160802,4627.0271,2157.03
20160803,4641.8822,2163.79
20160804,4665.2271,2164.25
20160805,4653.3421,2182.87
20160808,4702.5657,2180.89
20160809,4743.892,2181.74
20160810,4727.33,2175.49
20160811,4680.3242,2185.79
20160812,4745.2062,2184.05
20160815,4866.1813,2190.15
20160816,4875.1185,2178.15
20160817,4881.8106,2182.22
20160818,4876.9329,2187.02
20160819,4882.4273,2183.87
20160822,4831.484,2182.64
20160823,4839.3618,2186.9
20160824,4839.6235,2175.44
20160825,4807.9962,2172.47
20160826,4817.5706,2169.04
20160829,4824.8001,2180.38
20160830,4827.8106,2176.12
20160831,4839.9956,2170.95
20160901,4803.1427,2170.86
20160902,4799.6202,2179.98
20160905,4817.0798,2179.98
20160906,4873.5706,2186.48
20160907,4873.107,2186.16
20160908,4883.979,2181.3
20160909,4852.0685,2127.81
20160912,4735.6199,2159.04
20160913,4753.8951,2127.02
20160914,4726.5048,2125.77
20160919,4772.1754,2139.12
20160920,4768.6168,2139.76
20160921,4779.2139,2163.12
20160922,4810.0813,2177.18
20160923,4790.9012,2164.69
20160926,4699.2484,2146.1
20160927,4730.5014,2159.93
20160928,4720.9913,2171.37
20160929,4738.0113,2151.13
20160930,4757.4047,2168.27
20161010,4837.6447,2163.66
20161011,4864.4438,2136.73
20161012,4862.1479,2139.18
20161013,4868.1079,2132.55
20161014,4865.1669,2132.98
20161017,4822.9898,2126.5
20161018,4892.0259,2139.6
20161019,4886.1995,2144.29
20161020,4895.3291,2141.34
20161021,4887.9086,2141.16
20161024,4935.4358,2151.33
20161025,4947.8047,2143.16
20161026,4928.1488,2139.43
20161027,4920.9931,2133.04
20161028,4890.5454,2126.41
20161031,4887.2395,2126.15
20161101,4931.7585,2111.72
20161102,4897.7383,2097.94
20161103,4934.2516,2088.66
20161104,4919.6243,2085.18
20161107,4923.6553,2131.52
20161108,4949.2958,2139.56
20161109,4918.4507,2163.26
20161110,4980.2403,2167.48
20161111,5012.472,2164.45
20161114,5030.263,2164.2
20161115,5044.4789,2180.39
20161116,5047.2314,2176.94
20161117,5044.1441,2187.12
20161118,5022.1615,2181.9
20161121,5044.8991,2198.18
20161122,5086.5149,2202.94
20161123,5074.3253,2204.72
20161124,5069.8288,2204.72
20161125,5096.934,2213.35
20161128,5107.0204,2201.72
20161129,5094.9903,2204.66
20161130,5068.8671,2198.81
20161201,5100.0525,2191.08
20161202,5030.2717,2191.95
20161205,4977.0288,2204.71
20161206,4977.1688,2212.23
20161207,5018.4281,2241.35
20161208,5000.3129,2246.19
20161209,5006.607,2259.53
20161212,4818.2879,2256.96
20161213,4829.2446,2271.72
20161214,4798.5026,2253.28
20161215,4799.2753,2262.03
20161216,4827.3542,2258.07
20161219,4815.7301,2262.53
20161220,4799.1285,2270.76
20161221,4838.251,2265.18
20161222,4834.7965,2260.96
20161223,4786.6131,2263.79
20161226,4806.2125,2263.79
20161227,4806.4068,2268.88
20161228,4788.6177,2249.92
20161229,4777.2981,2249.26
20161230,4786.9772,2238.83
20170103,4831.6894,2257.83
20170104,4879.9918,2270.75
20170105,4881.3478,2269
20170106,4850.9355,2276.98
20170109,4875.4268,2268.9
20170110,4861.7697,2268.9
20170111,4818.1154,2275.32
20170112,4782.3159,2270.44
20170113,4741.0786,2274.64
20170116,4645.3297,2274.64
20170117,4675.6049,2267.89
20170118,4675.0285,2271.89
20170119,4656.8169,2263.69
20170120,4711.3067,2271.31
20170123,4741.0166,2265.2
20170124,4732.8994,2280.07
20170125,4746.1193,2298.37
20170126,4770.4328,2296.68
20170203,4748.2135,2297.42
20170206,4780.5005,2292.56
20170207,4778.2847,2293.08
20170208,4806.6914,2294.67
20170209,4835.2602,2307.87
20170210,4842.2997,2316.1
20170213,4872.1071,2328.25
20170214,4870.5817,2337.58
20170215,4836.7627,2349.25
20170216,4867.2191,2347.22
20170217,4831.8405,2351.16
20170220,4888.0955,2351.16
20170221,4918.3583,2365.38
20170222,4935.1915,2362.82
20170223,4923.2998,2363.81
20170224,4930.0642,2367.34
20170227,4891.9059,2369.75
20170228,4906.2687,2363.64
20170301,4917.19,2395.96
20170302,4885.967,2381.92
20170303,4888.7789,2383.12
20170306,4929.7997,2375.31
20170307,4940.1409,2368.39
20170308,4926.4341,2362.98
20170309,4892.8284,2364.87
20170310,4894.7714,2372.6
20170313,4933.2447,2373.47
20170314,4927.2019,2365.45
20170315,4928.4565,2385.26
20170316,4966.2786,2381.38
20170317,4923.5308,2378.25
20170320,4934.9489,2373.47
20170321,4950.6689,2344.02
20170322,4927.7464,2348.45
20170323,4936.2589,2345.96
20170324,4962.3716,2343.98
20170327,4946.9921,2341.59
20170328,4934.1653,2358.57
20170329,4915.4516,2361.13
20170330,4844.4575,2368.06
20170331,4863.5147,2362.72
20170405,4949.5901,2352.95
20170406,4965.0753,2357.49
20170407,4970.4036,2355.54
20170410,4942.5867,2357.16
20170411,4972.4725,2353.78
20170412,4944.7174,2344.93
20170413,4958.7427,2328.95
20170414,4901.2318,2328.95
20170417,4858.6818,2349.01
20170418,4824.7325,2342.19
20170419,4780.7905,2338.17
20170420,4780.8252,2355.84
20170421,4768.2533,2348.69
20170424,4671.0193,2374.15
20170425,4686.4054,2388.61
20170426,4696.7104,2387.45
20170427,4709.1933,2388.77
20170428,4718.1322,2384.2
20170502,4713.02,2391.17
20170503,4698.0394,2388.13
20170504,4684.7458,2389.52
20170505,4637.6782,2399.29
20170508,4573.6686,2399.38
20170509,4585.0671,2396.92
20170510,4528.3121,2399.63
20170511,4526.1338,2394.44
20170512,4540.4672,2390.9
20170515,4557.8062,2402.32
20170516,4626.3783,2400.67
20170517,4622.533,2357.03
20170518,4597.0991,2365.72
20170519,4599.6106,2381.73
20170522,4562.4096,2394.02
20170523,4505.6043,2398.42
20170524,4517.7031,2404.39
20170525,4574.749,2415.07
20170526,4569.9658,2415.82
20170531,4572.1504,2411.8
20170601,4519.0371,2430.06
20170602,4536.5548,2439.07
20170605,4545.5859,2436.1
20170606,4570.6206,2429.33
20170607,4644.8417,2433.14
20170608,4662.6682,2433.79
20170609,4674.935,2431.77
20170612,4641.1159,2429.39
20170613,4679.1286,2440.35
20170614,4649.4518,2437.92
20170615,4672.0751,2432.46
20170616,4661.4257,2433.15
20170619,4698.6036,2453.46
20170620,4697.3809,2437.03
20170621,4725.0382,2435.61
20170622,4685.7203,2434.5
20170623,4708.6208,2438.3
20170626,4768.786,2439.07
20170627,4776.6622,2419.38
20170628,4743.9164,2440.69
20170629,4768.1111,2419.7
20170630,4772.1414,2423.41
20170703,4781.3861,2429.01
20170704,4755.134,2429.01
20170705,4798.5517,2432.54
20170706,4802.6465,2409.75
20170707,4808.6278,2425.18
20170710,4794.9354,2427.43
20170711,4774.446,2425.53
20170712,4765.2945,2443.25
20170713,4784.511,2447.83
20170714,4781.4654,2459.27
20170717,4637.9522,2459.14
20170718,4662.5694,2460.61
20170719,4738.1693,2473.83
20170720,4762.3092,2473.45
20170721,4754.6099,2472.54
20170724,4778.4607,2469.91
20170725,4758.4243,2477.13
20170726,4749.9885,2477.83
20170727,4780.1472,2475.42
20170728,4790.2301,2472.1
20170731,4822.9955,2470.3
20170801,4843.1377,2476.35
20170802,4818.6954,2477.57
20170803,4807.2599,2472.16
20170804,4782.9532,2476.83
20170807,4817.3435,2480.91
20170808,4826.8176,2474.92
20170809,4836.0457,2474.02
20170810,4806.0408,2438.21
20170811,4720.9176,2441.32
20170814,4798.0178,2465.84
20170815,4814.0763,2464.61
20170816,4819.9563,2468.11
20170817,4852.5587,2430.01
20170818,4845.8601,2425.55
20170821,4875.8145,2428.37
20170822,4868.9969,2452.51
20170823,4854.1568,2444.04
20170824,4824.6008,2438.97
20170825,4887.1137,2443.05
20170828,4944.0749,2444.24
20170829,4934.6464,2446.3
20170830,4946.8265,2457.59
20170831,4947.9159,2471.65
20170901,4972.2475,2476.55
20170904,4996.9794,2476.55
20170905,5005.2707,2457.85
20170906,5014.3779,2465.54
20170907,4989.1836,2465.1
20170908,4993.1938,2461.43
20170911,5018.1863,2488.11
20170912,5020.0545,2496.48
20170913,5035.2995,2498.37
20170914,5023.9483,2495.62
20170915,5010.1514,2500.23
20170918,5036.7134,2503.87
20170919,5018.5388,2506.65
20170920,5046.2482,2508.24
20170921,5014.2392,2500.6
20170922,5001.3224,2502.22
20170925,4953.9933,2496.66
20170926,4962.0413,2496.84
20170927,4983.2351,2507.04
20170928,4973.8154,2510.06
20170929,5002.5525,2519.36
20171009,5060.3245,2544.73
20171010,5082.4602,2550.64
20171011,5080.5713,2555.24
20171012,5081.2726,2550.93
20171013,5100.5458,2553.17
20171016,5049.9771,2557.64
20171017,5047.1537,2559.36
20171018,5044.0904,2561.26
20171019,5010.8181,2562.1
20171020,5036.9319,2575.21
20171023,5054.8998,2564.98
20171024,5061.8769,2569.13
20171025,5089.6971,2557.15
20171026,5109.7816,2560.4
20171027,5109.6773,2581.07
20171030,5045.2554,2572.83
20171031,5062.0889,2575.26
20171101,5055.3742,2579.36
20171102,5026.973,2579.85
20171103,5003.1744,2587.84
20171106,5047.0124,2591.13
20171107,5081.4051,2590.64
20171108,5083.4714,2594.38
20171109,5116.788,2584.62
20171110,5145.6874,2582.3
20171113,5159.4242,2584.84
20171114,5122.515,2578.87
20171115,5082.2569,2564.62
20171116,5100.8378,2585.64
20171117,5026.9865,2578.85
20171120,5055.0792,2582.14
20171121,5102.285,2599.03
20171122,5105.4364,2597.08
20171123,4970.1983,2597.08
20171124,4973.5076,2602.42
20171127,4912.6597,2601.42
20171128,4952.6775,2627.04
20171129,4957.8938,2626.07
20171130,4913.7,2647.58
20171201,4929.9166,2642.22
20171204,4921.5942,2639.44
20171205,4874.0173,2629.57
20171206,4878.7262,2629.27
20171207,4845.4794,2636.98
20171208,4889.2322,2651.5
20171211,4956.4752,2659.99
20171212,4902.4219,2664.11
20171213,4939.4375,2662.85
20171214,4927.6122,2652.01
20171215,4889.4432,2675.81
20171218,4876.228,2690.16
20171219,4922.0943,2681.47
20171220,4896.1855,2679.25
20171221,4926.1749,2684.57
20171222,4915.8018,2683.34
20171225,4878.3071,2683.34
20171226,4899.359,2680.5
20171227,4848.9619,2682.62
20171228,4873.3392,2687.54
20171229,4898.9029,2673.61
20180102,4959.1034,2695.81
20180103,4995.4131,2713.06
20180104,5013.8482,2723.99
20180105,5020.4897,2743.15
20180108,5038.7626,2747.71
20180109,5054.532,2751.29
20180110,5049.199,2748.23
20180111,5058.4504,2767.56
20180112,5057.9085,2786.24
20180115,4996.0638,2786.24
20180116,5030.0606,2776.42
20180117,5016.003,2802.56
20180118,5035.3357,2798.03
20180119,5036.9905,2810.3
20180122,5091.0019,2832.97
20180123,5121.1896,2839.13
20180124,5139.4902,2837.54
20180125,5120.394,2839.25
20180126,5126.6116,2872.87
20180129,5048.6675,2853.53
20180130,5017.2049,2822.43
20180131,4974.3453,2823.81
20180201,4864.457,2821.98
20180202,4874.8097,2762.13
20180205,4868.8127,2648.94
20180206,4680.8287,2695.14
20180207,4627.0953,2681.66
20180208,4629.5397,2581
20180209,4457.4559,2619.55
20180212,4540.006,2656
20180213,4574.791,2662.94
20180214,4600.6075,2698.63
20180222,4692.0328,2703.96
20180223,4709.7266,2747.3
20180226,4787.1952,2779.6
20180227,4752.8944,2744.28
20180228,4739.0741,2713.83
20180301,4782.6534,2677.67
20180302,4751.9418,2691.25
20180305,4761.8948,2720.94
20180306,4816.918,2728.12
20180307,4781.9626,2726.8
20180308,4822.6829,2738.97
20180309,4876.4599,2786.57
20180312,4923.4298,2783.02
20180313,4889.9246,2765.31
20180314,4854.0015,2749.48
20180315,4860.068,2747.33
20180316,4828.5021,2752.01
20180319,4843.587,2712.92
20180320,4851.732,2716.94
20180321,4825.0029,2711.93
20180322,4796.0952,2643.69
20180323,4604.898,2588.26
20180326,4627.5583,2658.55
20180327,4703.1006,2612.62
20180328,4643.248,2605
20180329,4693.3021,2640.87
20180330,4731.0301,2640.87
20180402,4732.8294,2581.88
20180403,4695.6849,2614.45
20180404,4676.6132,2644.69
20180409,4677.9682,2613.16
20180410,4728.0297,2656.87
20180411,4747.4684,2642.19
20180412,4711.4805,2663.99
20180413,4688.6227,2656.3
20180416,4643.9193,2677.84
20180417,4558.2226,2706.39
20180418,4598.0602,2708.64
20180419,4634.6593,2693.13
20180420,4556.7109,2670.14
20180423,4537.2003,2670.29
20180424,4632.3987,2634.56
20180425,4630.3431,2639.4
20180426,4543.7824,2666.94
20180427,4548.4216,2669.91
20180502,4546.1192,2635.67
20180503,4584.5982,2629.73
20180504,4571.3968,2663.42
20180507,4647.0606,2672.63
20180508,4685.0942,2671.92
20180509,4679.3373,2697.79
20180510,4701.3282,2723.07
20180511,4666.4965,2727.72
20180514,4675.5903,2730.13
20180515,4707.8908,2711.45
20180516,4681.0947,2722.46
20180517,4653.7711,2720.13
20180518,4685.8993,2712.97
20180521,4726.0736,2733.01
20180522,4727.2363,2724.44
20180523,4670.0152,2733.29
20180524,4646.787,2727.76
20180525,4614.4738,2721.33
20180528,4609.7398,2721.33
20180529,4572.1525,2689.86
20180530,4454.4589,2724.01
20180531,4533.6729,2705.27
20180601,4488.9226,2734.62
20180604,4505.8539,2746.87
20180605,4564.6172,2748.8
20180606,4562.4415,2772.35
20180607,4542.5294,2770.37
20180608,4486.6335,2779.03
20180611,4468.8355,2782
20180612,4515.1243,2786.85
20180613,4457.3582,2775.63
20180614,4439.1947,2782.49
20180615,4380.6603,2779.66
20180619,4161.5112,2762.59
20180620,4192.0483,2767.32
20180621,4120.4021,2749.76
20180622,4157.4647,2754.88
20180625,4118.8341,2717.07
20180626,4117.6218,2723.06
20180627,4059.2346,2699.63
20180628,4016.7517,2716.31
20180629,4127.9473,2718.37
20180702,4039.6389,2726.71
20180703,4064.3657,2713.22
20180704,4002.4732,2713.22
20180705,3936.3043,2736.61
20180706,3956.6167,2759.82
20180709,4054.3847,2784.17
20180710,4073.2488,2793.84
20180711,3994.5161,2774.02
20180712,4089.3198,2798.29
20180713,4105.06,2801.31
20180716,4092.1324,2798.43
20180717,4081.0799,2809.55
20180718,4058.6494,2815.62
20180719,4036.1442,2804.49
20180720,4096.519,2801.83
20180723,4130.1165,2806.98
20180724,4196.1013,2820.4
20180725,4196.9866,2846.07
20180726,4164.4876,2837.44
20180727,4144.3567,2818.82
20180730,4112.0202,2802.6
20180731,4114.4304,2816.29
20180801,4041.4376,2813.36
20180802,3950.3189,2827.22
20180803,3892.8847,2840.35
20180806,3828.1419,2850.4
20180807,3933.1189,2858.45
20180808,3871.3549,2857.7
20180809,3963.8034,2853.58
20180810,3979.613,2833.28
20180813,3978.5572,2821.93
20180814,3962.8823,2839.96
20180815,3876.4557,2818.37
20180816,3846.7465,2840.69
20180817,3785.0125,2850.13
20180820,3814.6977,2857.05
20180821,3870.7473,2862.96
20180822,3838.794,2861.82
20180823,3856.6472,2856.98
20180824,3854.9861,2874.69
20180827,3942.5993,2896.74
20180828,3941.5859,2897.52
20180829,3922.1845,2914.04
20180830,3871.9359,2901.13
20180831,3842.138,2901.52
20180903,3836.3219,2901.52
20180904,3881.6234,2896.72
20180905,3814.9063,2888.6
20180906,3786.4873,2878.05
20180907,3798.5822,2871.68
20180910,3736.4975,2877.13
20180911,3734.4086,2887.89
20180912,3719.2072,2888.92
20180913,3752.7221,2904.18
20180914,3737.7013,2904.98
20180917,3688.7716,2888.8
20180918,3757.5934,2904.31
20180919,3803.2326,2907.95
20180920,3797.6884,2930.75
20180921,3880.9235,2929.67
20180925,3858.0015,2915.56
20180926,3888.6862,2905.97
20180927,3854.2039,2914
20180928,3890.8288,2913.98
20181008,3743.299,2884.43
20181009,3742.4298,2880.34
20181010,3739.2996,2785.68
20181011,3519.5831,2728.37
20181012,3536.765,2767.13
20181015,3485.7093,2750.79
20181016,3434.8712,2809.92
20181017,3457.6997,2809.21
20181018,3365.1929,2768.78
20181019,3454.3431,2767.78
20181022,3612.0946,2755.88
20181023,3534.3252,2740.69
20181024,3536.8248,2656.1
20181025,3531.7679,2705.57
20181026,3523.3511,2658.69
20181029,3441.1318,2641.25
20181030,3476.4577,2682.63
20181031,3527.417,2711.74
20181101,3550.3008,2740.37
20181102,3666.5903,2723.06
20181105,3659.7921,2738.31
20181106,3647.7303,2755.45
20181107,3629.4854,2813.89
20181108,3617.0446,2806.83
20181109,3584.8802,2781.01
20181112,3654.3174,2726.22
20181113,3706.8179,2722.18
20181114,3685.2557,2701.58
20181115,3737.1644,2730.2
20181116,3763.2714,2736.27
20181119,3790.9194,2690.73
20181120,3695.8662,2641.89
20181121,3712.1139,2649.93
20181122,3705.2598,2649.93
20181123,3589.6716,2632.56
20181126,3584.8753,2673.45
20181127,3593.5955,2682.17
20181128,3638.5736,2743.79
20181129,3574.1933,2737.76
20181130,3606.1017,2760.17
20181203,3713.2308,2790.37
20181204,3730.4908,2700.06
20181205,3709.2502,2700.06
20181206,3634.9138,2695.95
20181207,3634.5694,2633.08
20181210,3592.6593,2637.72
20181211,3615.9763,2636.78
20181212,3622.3233,2651.07
20181213,3667.9649,2650.54
20181214,3592.524,2599.95
20181217,3587.4413,2545.94
20181218,3558.0545,2546.16
20181219,3513.7914,2506.96
20181220,3507.1102,2467.42
20181221,3472.6883,2416.62
20181224,3493.4151,2351.1
20181225,3462.991,2351.1
20181226,3449.1848,2467.7
20181227,3418.0644,2488.83
20181228,3432.3847,2485.74
20190102,3399.4015,2510.03
20190103,3387.1327,2447.89
20190104,3470.2829,2531.94
20190107,3515.1686,2549.69
20190108,3508.5228,2574.41
20190109,3531.769,2584.96
20190110,3524.8784,2596.64
20190111,3551.3318,2596.26
20190114,3526.0851,2582.61
20190115,3581.5023,2610.3
20190116,3578.3367,2616.1
20190117,3552.9154,2635.96
20190118,3598.429,2670.71
20190121,3618.4726,2670.71
20190122,3573.4685,2632.9
20190123,3575.2888,2638.7
20190124,3594.0818,2642.33
20190125,3598.6022,2664.76
20190128,3587.4503,2643.85
20190129,3565.3808,2640
20190130,3527.5933,2681.05
20190131,3523.6188,2704.1
20190201,3596.0221,2706.53
20190211,3676.8847,2709.8
20190212,3712.6271,2744.73
20190213,3782.0055,2753.03
20190214,3793.4962,2745.73
20190215,3752.4651,2775.6
20190218,3877.1867,2775.6
20190219,3880.0907,2779.76
20190220,3890.4756,2784.7
20190221,3880.6117,2774.88
20190222,3968.8796,2792.67
20190225,4190.9416,2796.11
20190226,4163.0341,2793.9
20190227,4153.4927,2792.38
20190228,4153.511,2784.49
20190301,4215.7026,2803.69
20190304,4283.1606,2792.81
20190305,4355.3339,2789.65
20190306,4418.6128,2771.45
20190307,4429.1006,2748.93
20190308,4249.7323,2743.07
20190311,4378.6061,2783.3
20190312,4439.9474,2791.52
20190313,4371.1871,2810.92
20190314,4293.6034,2808.48
20190315,4351.4316,2822.48
20190318,4466.5464,2832.94
20190319,4465.179,2832.57
20190320,4463.5506,2824.23
20190321,4491.1383,2854.88
20190322,4499.5413,2800.71
20190325,4424.2887,2798.36
20190326,4338.5646,2818.46
20190327,4379.4898,2805.37
20190328,4340.1599,2815.44
20190329,4487.7157,2834.4
20190401,4630.3682,2867.19
20190402,4640.3117,2867.24
20190403,4693.0868,2873.4
20190404,4727.6658,2879.39
20190408,4715.0828,2895.77
20190409,4732.1195,2878.2
20190410,4735.9196,2888.21
20190411,4639.4026,2888.32
20190412,4632.0095,2907.41
20190415,4603.3171,2905.58
20190416,4713.1506,2907.06
20190417,4733.7199,2900.45
20190418,4711.3226,2905.03
20190419,4756.5415,2905.03
20190422,4674.1452,2907.97
20190423,4630.5811,2933.68
20190424,4661.452,2927.25
20190425,4518.3578,2926.17
20190426,4460.6782,2939.88
20190429,4393.831,2943.03
20190430,4422.4888,2945.83
20190506,4127.6469,2932.47
20190507,4175.3955,2884.05
20190508,4135.5531,2879.42
20190509,4076.6312,2870.72
20190510,4226.0236,2881.4
20190513,4173.6024,2811.87
20190514,4144.9588,2834.41
20190515,4238.4613,2850.96
20190516,4261.6826,2876.32
20190517,4134.6304,2859.53
20190520,4108.3489,2840.23
20190521,4173.0768,2864.36
20190522,4152.6457,2856.27
20190523,4068.8053,2822.24
20190524,4056.5371,2826.06
20190527,4136.6456,2826.06
20190528,4159.7503,2802.39
20190529,4159.968,2783.02
20190530,4133.9897,2788.86
20190531,4123.5126,2752.06
20190603,4097.7721,2744.45
20190604,4048.2739,2803.27
20190605,4046.6552,2826.15
20190606,3980.9375,2843.49
20190610,4029.5323,2886.73
20190611,4163.9471,2885.72
20190612,4137.1965,2879.84
20190613,4144.8156,2891.64
20190614,4086.1272,2886.98
20190617,4086.0354,2889.67
20190618,4091.9298,2917.75
20190619,4146.928,2926.46
20190620,4246.828,2954.18
20190621,4282.0683,2950.46
20190624,4286.1366,2945.35
20190625,4242.4985,2917.38
20190626,4235.8008,2913.78
20190627,4275.7964,2924.92
20190628,4244.0837,2941.76
20190701,4367.708,2964.33
20190702,4366.2241,2973.01
20190703,4320.9568,2995.82
20190704,4300.9614,2995.82
20190705,4319.9519,2990.41
20190708,4198.2378,2975.95
20190709,4198.8071,2979.63
20190710,4180.3038,2993.07
20190711,4178.8775,2999.91
20190712,4198.0805,3013.77
20190715,4228.4917,3014.3
20190716,4222.117,3004.04
20190717,4221.5603,2984.42
20190718,4165.0736,2995.11
20190719,4199.3162,2976.61
20190722,4133.4469,2985.03
20190723,4159.7263,3005.47
20190724,4199.8162,3019.56
20190725,4224.5299,3003.67
20190726,4231.3895,3025.86
20190729,4228.4597,3020.97
20190730,4247.247,3013.18
20190731,4214.7186,2980.38
20190801,4186.1292,2953.56
20190802,4124.285,2932.05
20190805,4059.7521,2844.74
20190806,3988.3511,2881.77
20190807,3972.8097,2883.98
20190808,4013.8661,2938.09
20190809,3971.5278,2918.65
20190812,4042.2314,2883.75
20190813,4012.5578,2926.32
20190814,4033.8761,2840.6
20190815,4049.17,2847.6
20190816,4068.2487,2888.68
20190819,4174.705,2923.65
20190820,4175.6129,2900.51
20190821,4174.076,2924.43
20190822,4187.4966,2922.95
20190823,4201.7242,2847.11
20190826,4156.7432,2878.38
20190827,4221.4345,2869.16
20190828,4210.1121,2887.94
20190829,4204.1281,2924.58
20190830,4184.7843,2926.46
20190902,4261.5693,2926.46
20190903,4278.9177,2906.27
20190904,4314.0952,2937.78
20190905,4355.5534,2976
20190906,4376.6621,2978.71
20190909,4436.6134,2978.43
20190910,4429.0868,2979.39
20190911,4398.0238,3000.93
20190912,4433.9333,3009.57
20190916,4433.1228,2997.96
20190917,4346.2085,3005.7
20190918,4358.2475,3006.73
20190919,4388.8838,3006.79
20190920,4398.2368,2992.07
20190923,4354.3979,2991.78
20190924,4366.9475,2966.6
20190925,4311.006,2984.87
20190926,4236.9953,2977.62
20190927,4259.7785,2961.79
20190930,4214.3958,2976.74
20191008,4229.6871,2893.06
20191009,4250.4762,2919.4
20191010,4296.6821,2938.13
20191011,4322.1604,2970.27
20191014,4376.8539,2966.15
20191015,4340.1385,2995.68
20191016,4321.7002,2989.69
20191017,4320.6716,2997.95
20191018,4261.8293,2986.2
20191021,4260.578,3006.72
20191022,4292.534,2995.99
20191023,4263.3019,3004.52
20191024,4259.9419,3010.29
20191025,4289.7415,3022.55
20191028,4346.5578,3039.42
20191029,4309.4696,3036.89
20191030,4275.8767,3046.77
20191031,4253.9246,3037.56
20191101,4311.0529,3066.91
20191104,4336.1881,3078.27
20191105,4358.0046,3074.62
20191106,4328.7543,3076.78
20191107,4346.0541,3085.18
20191108,4329.0099,3093.08
20191111,4239.607,3087.01
20191112,4244.0504,3091.84
20191113,4237.7753,3094.04
20191114,4254.6629,3096.63
20191115,4216.2924,3120.46
20191118,4246.9159,3122.03
20191119,4304.1175,3120.18
20191120,4269.601,3108.46
20191121,4257.1086,3103.54
20191122,4212.9317,3110.29
20191125,4222.5308,3133.64
20191126,4226.8877,3140.52
20191127,4219.4443,3153.63
20191128,4205.7816,3153.63
20191129,4186.1794,3140.98
20191202,4194.2022,3113.87
20191203,4213.9919,3093.2
20191204,4214.5169,3112.76
20191205,4252.4572,3117.43
20191206,4280.5132,3145.91
20191209,4282.4584,3135.96
20191210,4296.0324,3132.52
20191211,4290.4536,3141.63
20191212,4280.6118,3168.57
20191213,4350.4704,3168.8
20191216,4396.9993,3191.45
20191217,4454.7921,3192.52
20191218,4450.002,3191.14
20191219,4454.7795,3205.37
20191220,4426.5828,3221.22
20191223,4353.553,3224.01
20191224,4402.063,3223.38
20191225,4410.823,3223.38
20191226,4446.553,3239.91
20191227,4428.6846,3240.02
20191230,4480.3495,3221.29
20191231,4500.1258,3230.78
20200102,4571.7222,3257.85
20200103,4576.5448,3234.85
20200106,4585.9507,3246.28
20200107,4633.3173,3237.18
20200108,4575.36,3253.05
20200109,4639.8593,3274.7
20200110,4633.4242,3265.35
20200113,4685.4576,3288.13
20200114,4672.6528,3283.15
20200115,4654.9235,3289.29
20200116,4641.216,3316.81
20200117,4637.2692,3329.62
20200120,4684.6292,3329.62
20200121,4619.5325,3320.79
20200122,4641.9949,3321.75
20200123,4488.9669,3325.54
20200203,4121.6017,3248.92
20200204,4192.9719,3297.59
20200205,4273.0386,3334.69
20200206,4376.6931,3345.78
20200207,4397.2108,3327.71
20200210,4434.6278,3352.09
20200211,4442.5754,3357.75
20200212,4502.1905,3379.45
20200213,4468.1981,3373.94
20200214,4487.7806,3380.16
20200217,4612.9808,3380.16
20200218,4640.6236,3370.29
20200219,4618.0117,3386.15
20200220,4716.2985,3373.23
20200221,4751.46,3337.75
20200224,4780.2597,3225.89
20200225,4784.1224,3128.21
20200226,4694.3945,3116.39
20200227,4704.9752,2978.76
20200228,4492.9979,2954.22
20200302,4655.5691,3090.23
20200303,4696.9859,3003.37
20200304,4721.6619,3130.12
20200305,4812.5476,3023.94
20200306,4764.2397,2972.37
20200309,4592.9777,2746.56
20200310,4698.095,2882.23
20200311,4637.0447,2741.38
20200312,4547.2386,2480.64
20200313,4494.55,2711.02
20200316,4296.9017,2386.13
20200317,4283.7656,2529.19
20200318,4206.6217,2398.1
20200319,4195.4504,2409.39
20200320,4257.0007,2304.92
20200323,4095.3356,2237.4
20200324,4189.8604,2447.33
20200325,4297.5253,2475.56
20200326,4263.539,2630.07
20200327,4257.797,2541.47
20200330,4190.8586,2626.65
20200331,4202.2546,2584.59
20200401,4185.8063,2470.5
20200402,4269.752,2526.9
20200403,4244.7389,2488.65
20200407,4362.2588,2659.41
20200408,4357.0256,2749.98
20200409,4385.6788,2789.82
20200410,4319.3555,2789.82
20200413,4290.7739,2761.63
20200414,4378.0732,2846.06
20200415,4350.6874,2783.36
20200416,4368.8382,2799.55
20200417,4391.6037,2874.56
20200420,4427.6936,2823.16
20200421,4388.3064,2736.56
20200422,4426.6549,2799.31
20200423,4409.3294,2797.8
20200424,4351.551,2836.74
20200427,4357.5049,2878.48
20200428,4346.0849,2863.39
20200429,4352.4535,2939.51
20200430,4426.3435,2912.43
20200506,4480.6443,2848.42
20200507,4471.0429,2881.19
20200508,4517.6819,2929.8
20200511,4511.0502,2930.32
20200512,4516.0825,2870.12
20200513,4533.7701,2820
20200514,4489.0183,2852.5
20200515,4491.4297,2863.7
20200518,4486.8457,2953.91
20200519,4533.7716,2922.94
20200520,4499.9099,2971.61
20200521,4462.1544,2948.51
20200522,4370.1505,2955.45
20200525,4371.641,2955.45
20200526,4443.2275,2991.77
20200527,4413.3213,3036.13
20200528,4413.9104,3029.73
20200529,4439.0883,3044.31
20200601,4564.2455,3055.73
20200602,4574.126,3080.82
20200603,4574.8764,3122.87
20200604,4578.8989,3112.35
20200605,4591.9647,3193.93
20200608,4598.6915,3232.39
20200609,4627.4363,3207.18
20200610,4624.6669,3190.14
20200611,4592.138,3002.1
20200612,4596.9649,3041.31
20200615,4566.5181,3066.59
20200616,4643.2158,3124.74
20200617,4655.9279,3113.49
20200618,4667.5844,3115.34
20200619,4717.905,3097.74
20200622,4725.9377,3117.86
20200623,4743.4515,3131.29
20200624,4748.3341,3050.33
20200629,4721.121,3053.24
20200630,4792.7106,3100.29
20200701,4849.456,3115.86
20200702,4931.0958,3130.01
20200703,5008.3497,3130.01
20200706,5249.302,3179.72
20200707,5301.9402,3145.32
20200708,5403.7472,3169.94
20200709,5513.8979,3152.05
20200710,5452.8487,3185.04
20200713,5604.0072,3155.22
20200714,5550.2048,3197.52
20200715,5445.8282,3226.56
20200716,5178.8501,3215.57
20200717,5202.8155,3224.73
20200720,5362.6629,3251.84
20200721,5385.9746,3257.3
20200722,5420.1051,3276.02
20200723,5417.9236,3235.66
20200724,5169.0744,3215.63
20200727,5183.8154,3239.41
20200728,5235.6754,3218.44
20200729,5369.998,3258.44
20200730,5351.832,3246.22
20200731,5409.4558,3271.12
20200803,5529.0119,3294.61
20200804,5512.5658,3306.51
20200805,5544.9637,3327.77
20200806,5535.7074,3349.16
20200807,5469.8144,3351.28
20200810,5491.6292,3360.47
20200811,5414.8211,3333.69
20200812,5363.4444,3380.35
20200813,5366.5525,3373.43
20200814,5431.5442,3372.85
20200817,5547.4756,3381.99
20200818,5568.3863,3389.78
20200819,5474.6586,3374.85
20200820,5405.4483,3385.51
20200821,5447.7167,3397.16
20200824,5490.775,3431.28
20200825,5482.9364,3443.62
20200826,5393.7227,3478.73
20200827,5438.7601,3484.55
20200828,5541.3481,3508.01
20200831,5525.2146,3500.31
20200901,5556.5008,3526.65
20200902,5564.6916,3580.84
20200903,5522.0849,3455.06
20200904,5485.2751,3426.96
20200907,5375.8657,3426.96
20200908,5408.8298,3331.84
20200909,5268.4419,3398.96
20200910,5193.2028,3339.19
20200911,5256.6234,3340.97
20200914,5302.5738,3383.54
20200915,5337.3485,3401.2
20200916,5297.7928,3385.49
20200917,5287.8697,3357.01
20200918,5387.1105,3319.47
20200921,5354.6709,3281.06
20200922,5286.9878,3315.57
20200923,5311.6541,3236.92
20200924,5192.7088,3246.59
20200925,5187.2912,3298.46
20200928,5165.0604,3351.6
20200929,5195.9562,3335.47
20200930,5189.3574,3363
20201009,5319.4489,3477.13
20201012,5481.9514,3534.22
20201013,5499.6998,3511.93
20201014,5462.8716,3488.67
20201015,5436.2907,3483.34
20201016,5424.6049,3483.81
20201019,5383.3606,3426.92
20201020,5432.8171,3443.12
20201021,5395.7818,3435.56
20201022,5374.5496,3453.49
20201023,5295.6172,3465.39
20201026,5284.8498,3400.97
20201027,5297.0037,3390.68
20201028,5326.0092,3271.03
20201029,5346.8994,3310.11
20201030,5241.1747,3269.96
20201102,5266.9348,3310.24
20201103,5343.7954,3369.16
20201104,5361.2516,3443.44
20201105,5448.9554,3510.45
20201106,5423.9631,3509.44
20201109,5536.0945,3550.5
20201110,5494.1042,3545.53
20201111,5425.8017,3572.66
20201112,5435.1379,3537.01
20201113,5402.7702,3585.15
